PRAGMA foreign_keys=OFF;
BEGIN TRANSACTION;
CREATE TABLE agents (
    id TEXT PRIMARY KEY,
    first_name TEXT,
    last_name TEXT,
    email TEXT,
    phone TEXT,
    source TEXT,
    created_at TEXT NOT NULL
  );
INSERT INTO agents VALUES('agent_mnw4eem2_ek4c3shx','Kevin','Test','kevin.test.1776019912059@example.com','555-111-2222','test_foundation','2026-04-12T18:51:52.058Z');
INSERT INTO agents VALUES('agent_mnw4oi77_zuz633h1','Kevin','Lifecycle','hello@kevinlynch.ca','555-000-0000','lifecycle_test','2026-04-12T18:59:43.267Z');
INSERT INTO agents VALUES('agent_mnw52bat_q73v7r0i','Kevin','Engine','hello@kevinlynch.ca','555-333-4444','test_lifecycle_engine','2026-04-12T19:10:27.509Z');
INSERT INTO agents VALUES('agent_mnwswbcm_5overm6l','Kevin','Lifecycle','lifecycle.1776061058422@test.com','555-000-0000','lifecycle_test','2026-04-13T06:17:38.422Z');
INSERT INTO agents VALUES('agent_mnwtx58a_rbrba41v','Kevin','Test','kevin.test.1776062776762@example.com','555-111-2222','test_foundation','2026-04-13T06:46:16.762Z');
INSERT INTO agents VALUES('agent_mnwtxsex_jpu6w44h','Kevin','Lifecycle','lifecycle.1776062806810@test.com','555-000-0000','lifecycle_test','2026-04-13T06:46:46.809Z');
INSERT INTO agents VALUES('agent_marcus_jordan_demo','Marcus','Jordan','marcus.jordan@kevinlynch.ca','604-555-0101','Sutton Demo','2026-04-15 20:04:05');
INSERT INTO agents VALUES('agent_jordan_demo','Jordan','Reeves','jordan.reeves@kevinlynch.ca','604-555-0201','Sutton Demo','2026-04-15 21:31:25');
INSERT INTO agents VALUES('agent_rachel_demo','Rachel','Kim','rachel.kim@kevinlynch.ca','604-555-0202','Sutton Demo','2026-04-15 21:31:25');
CREATE TABLE assessments (
    id TEXT PRIMARY KEY,
    agent_id TEXT NOT NULL,
    responses_json TEXT NOT NULL,
    score_json TEXT,
    created_at TEXT NOT NULL
  );
INSERT INTO assessments VALUES('assessment_mnw4eem2_80a4bk65','agent_mnw4eem2_ek4c3shx','{"lead_flow":"inconsistent","follow_up":"weak","database_size":"small"}','{"lead_engine":8,"foundation":5,"pipeline_repair":3}','2026-04-12T18:51:52.058Z');
INSERT INTO assessments VALUES('assessment_mnw4oi77_psjqstj2','agent_mnw4oi77_zuz633h1','{}','{}','2026-04-12T18:59:43.267Z');
INSERT INTO assessments VALUES('assessment_mnwswbcm_cp3r1w1i','agent_mnwswbcm_5overm6l','{}','{}','2026-04-13T06:17:38.422Z');
INSERT INTO assessments VALUES('assessment_mnwtx58a_q5revflj','agent_mnwtx58a_rbrba41v','{"lead_flow":"inconsistent","follow_up":"weak","database_size":"small"}','{"lead_engine":8,"foundation":5,"pipeline_repair":3}','2026-04-13T06:46:16.762Z');
INSERT INTO assessments VALUES('assessment_mnwtxsex_95zqhj94','agent_mnwtxsex_jpu6w44h','{}','{}','2026-04-13T06:46:46.809Z');
INSERT INTO assessments VALUES('assess_marcus_demo','agent_marcus_jordan_demo','{"lead_flow":"consistent","follow_up":"strong","database_size":"large","phone_comfort":"high","business_model":"solo","goal_vs_schedule":"aligned","agent_style":"relationship"}','{"lead_engine":7,"foundation":8,"pipeline_repair":8,"conversion":7}','2026-04-15 20:04:06');
INSERT INTO assessments VALUES('assess_jordan_demo','agent_jordan_demo','{"lead_flow":"strong","follow_up":"weak","database_size":"medium","phone_comfort":"high","business_model":"solo","goal_vs_schedule":"gap","agent_style":"transactional"}','{"lead_engine":8,"foundation":5,"pipeline_repair":4,"conversion":9}','2026-04-15 21:31:25');
INSERT INTO assessments VALUES('assess_rachel_demo','agent_rachel_demo','{"lead_flow":"inconsistent","follow_up":"weak","database_size":"medium","phone_comfort":"high","business_model":"solo","goal_vs_schedule":"gap","agent_style":"relationship"}','{"lead_engine":6,"foundation":5,"pipeline_repair":3,"conversion":6}','2026-04-15 21:31:25');
CREATE TABLE diagnoses (
    id TEXT PRIMARY KEY,
    agent_id TEXT NOT NULL,
    assessment_id TEXT NOT NULL,
    primary_bottleneck TEXT NOT NULL,
    campaign_id TEXT NOT NULL,
    confidence_score REAL,
    created_at TEXT NOT NULL
  );
INSERT INTO diagnoses VALUES('diagnosis_mnw4eem2_2cfhh5c0','agent_mnw4eem2_ek4c3shx','assessment_mnw4eem2_80a4bk65','lead_engine','SOLO_LEAD_ENGINE',0.86999999999999999555,'2026-04-12T18:51:52.058Z');
INSERT INTO diagnoses VALUES('diagnosis_mnw4oi77_cwvej63m','agent_mnw4oi77_zuz633h1','assessment_mnw4oi77_psjqstj2','pipeline_repair','PIPELINE_REPAIR',0.91000000000000003108,'2026-04-12T18:59:43.267Z');
INSERT INTO diagnoses VALUES('diagnosis_mnw52bat_5pl1kkpx','agent_mnw52bat_q73v7r0i','assessment_mnw52bct_ndzcznit','lead_engine','SOLO_LEAD_ENGINE',0.92000000000000003996,'2026-04-12T19:10:27.509Z');
INSERT INTO diagnoses VALUES('diagnosis_mnwswbcm_18m5wtzr','agent_mnwswbcm_5overm6l','assessment_mnwswbcm_cp3r1w1i','pipeline_repair','PIPELINE_REPAIR',0.91000000000000003108,'2026-04-13T06:17:38.422Z');
INSERT INTO diagnoses VALUES('diagnosis_mnwtx58a_uoxd1237','agent_mnwtx58a_rbrba41v','assessment_mnwtx58a_q5revflj','lead_engine','SOLO_LEAD_ENGINE',0.86999999999999999555,'2026-04-13T06:46:16.762Z');
INSERT INTO diagnoses VALUES('diagnosis_mnwtxsex_5wm4kaiu','agent_mnwtxsex_jpu6w44h','assessment_mnwtxsex_95zqhj94','pipeline_repair','PIPELINE_REPAIR',0.91000000000000003108,'2026-04-13T06:46:46.809Z');
INSERT INTO diagnoses VALUES('diag_marcus_demo','agent_marcus_jordan_demo','assess_marcus_demo','database_size','SPHERE_ACTIVATION',0.88000000000000000444,'2026-04-15 20:04:06');
INSERT INTO diagnoses VALUES('diag_jordan_demo','agent_jordan_demo','assess_jordan_demo','conversion','CONVERSION_MASTERY',0.91000000000000003108,'2026-04-15 21:31:25');
INSERT INTO diagnoses VALUES('diag_rachel_demo','agent_rachel_demo','assess_rachel_demo','pipeline_repair','PIPELINE_REPAIR',0.89000000000000001332,'2026-04-15 21:31:25');
CREATE TABLE agent_lifecycle (
    agent_id TEXT PRIMARY KEY,
    current_phase TEXT NOT NULL,
    phase_entered_at TEXT NOT NULL,
    last_engaged_at TEXT,
    last_sync_at TEXT NOT NULL,
    engagement_score INTEGER DEFAULT 0,
    status TEXT NOT NULL
  , campaign_state TEXT DEFAULT 'none', campaign_step INTEGER DEFAULT 0, campaign_last_sent_at TEXT);
INSERT INTO agent_lifecycle VALUES('agent_mnw4oi77_zuz633h1','COACHING','2026-04-13T22:10:48.827Z','2026-04-12T18:59:43.597Z','2026-04-14T20:36:28.669Z',25,'active','lifecycle',0,NULL);
INSERT INTO agent_lifecycle VALUES('agent_mnw52bat_q73v7r0i','SOLO_LEAD_ENGINE','2026-04-12T19:10:27.592Z',NULL,'2026-04-14T20:36:28.678Z',0,'prospect','pre_activation',2,'2026-04-14T17:37:20.693Z');
INSERT INTO agent_lifecycle VALUES('agent_mnwswbcm_5overm6l','COACHING','2026-04-13T22:10:48.918Z','2026-04-13T06:17:38.651Z','2026-04-14T20:36:28.687Z',25,'active','lifecycle',0,NULL);
INSERT INTO agent_lifecycle VALUES('agent_mnwtxsex_jpu6w44h','COACHING','2026-04-13T22:10:48.927Z','2026-04-13T06:46:46.900Z','2026-04-14T20:36:28.696Z',25,'active','lifecycle',0,NULL);
INSERT INTO agent_lifecycle VALUES('agent_test_1776064054569','ACTIVE_PIPELINE','2026-04-13T07:07:34.569Z','2026-04-13T07:07:34.570Z','2026-04-14T20:36:28.715Z',0,'active','pre_activation',0,NULL);
INSERT INTO agent_lifecycle VALUES('agent_test_1776064131280','ACTIVE_PIPELINE','2026-04-13T07:08:51.281Z','2026-04-13T07:08:51.650Z','2026-04-14T20:36:28.723Z',7,'active','pre_activation',0,NULL);
INSERT INTO agent_lifecycle VALUES('agent_prog_1776064842861','COACHING','2026-04-13T07:20:43.138Z','2026-04-13T07:20:43.127Z','2026-04-14T20:36:28.706Z',15,'active','pre_activation',0,NULL);
INSERT INTO agent_lifecycle VALUES('agent_activation_1776067014179','COACHING','2026-04-13T07:56:54.452Z','2026-04-13T07:56:54.444Z','2026-04-14T20:36:28.659Z',15,'active','pre_activation',0,NULL);
INSERT INTO agent_lifecycle VALUES('agent_jordan_demo','ACTIVE_PIPELINE','2026-04-15 21:31:25','2026-04-15 21:31:25','2026-04-15 21:31:25',78,'active','post_analysis',0,NULL);
INSERT INTO agent_lifecycle VALUES('agent_rachel_demo','ACTIVE_PIPELINE','2026-04-15 21:31:25','2026-04-15 21:31:25','2026-04-15 21:31:25',65,'active','post_analysis',0,NULL);
CREATE TABLE phase_history (
    id TEXT PRIMARY KEY,
    agent_id TEXT NOT NULL,
    from_phase TEXT,
    to_phase TEXT NOT NULL,
    changed_at TEXT NOT NULL,
    reason TEXT
  );
INSERT INTO phase_history VALUES('phase_mnw4oign_ktr0pye7','agent_mnw4oi77_zuz633h1','NEW','ACTIVE_PIPELINE','2026-04-12T18:59:43.607Z','Test progression');
INSERT INTO phase_history VALUES('phase_mnw52bdj_r4pny7a8','agent_mnw52bat_q73v7r0i',NULL,'SOLO_LEAD_ENGINE','2026-04-12T19:10:27.592Z','Initial lifecycle assignment from diagnosis');
INSERT INTO phase_history VALUES('phase_mnwswbj8_lpkfm79k','agent_mnwswbcm_5overm6l','NEW','ACTIVE_PIPELINE','2026-04-13T06:17:38.660Z','Test progression');
INSERT INTO phase_history VALUES('phase_mnwtxshq_9pa5z6e6','agent_mnwtxsex_jpu6w44h','NEW','ACTIVE_PIPELINE','2026-04-13T06:46:46.910Z','Test progression');
INSERT INTO phase_history VALUES('phase_cxs2ow2y6ic','agent_test_1776064131280','NEW','ACTIVE_PIPELINE','2026-04-13T07:08:51.400Z','Initial assignment');
INSERT INTO phase_history VALUES('phase_tadb3uooxag','agent_prog_1776064842861','NEW','ACTIVE_PIPELINE','2026-04-13T07:20:43.092Z','Initial assignment');
INSERT INTO phase_history VALUES('phase_xhi80dwc1fo','agent_prog_1776064842861','ACTIVE_PIPELINE','COACHING','2026-04-13T07:20:43.138Z','Score threshold reached');
INSERT INTO phase_history VALUES('phase_yc0y01m373b','agent_activation_1776067014179','NEW','ACTIVE_PIPELINE','2026-04-13T07:56:54.413Z','Initial assignment');
INSERT INTO phase_history VALUES('phase_r6xqs6njgr','agent_activation_1776067014179','ACTIVE_PIPELINE','COACHING','2026-04-13T07:56:54.452Z','Score threshold reached');
CREATE TABLE coaching_outputs (
    id TEXT PRIMARY KEY,
    agent_id TEXT NOT NULL,
    phase TEXT NOT NULL,
    focus TEXT NOT NULL,
    top_action TEXT NOT NULL,
    daily_ritual TEXT NOT NULL,
    weekly_target TEXT NOT NULL,
    supporting_actions_json TEXT,
    message TEXT NOT NULL,
    character_type TEXT,
    version TEXT NOT NULL,
    generated_at TEXT NOT NULL
  );
INSERT INTO coaching_outputs VALUES(NULL,'agent_mnw4eem2_ek4c3shx','AUTHORITY','Market Positioning & Conversion Mastery','Write a one-paragraph statement of your specific value — what clients get from working with you that they cannot get from anyone else. Say it out loud until you believe it completely. That certainty is what prospects feel.','Spend 20 minutes every morning on market intelligence. Know your local numbers — active listings, days on market, list-to-sale ratio, absorption rate. Walk into every conversation as the most informed person in the room.','5 meaningful database contacts per day this week — calls, texts, or notes. No exceptions. This is the rhythm that restarts everything.','["Build a pre-appointment credibility packet — your market stats, your proof points, your value proposition — and send it to every prospect before you meet.","Track your consultation-to-signed-agreement ratio monthly. Set a target and work toward it deliberately.","Find one mentor, coach, or top producer in your market whose positioning you admire. Study how they communicate their value. Adapt — do not copy.","After every consultation, write down one thing that landed well and one thing you would change. Over 90 days, this debrief practice will transform your conversion rate."]',replace('THE TRUTH\nGenerating leads consistently takes real discipline, and you are doing that work. The opportunity the System sees is not in your prospecting — it is in what happens after the lead arrives. When a prospect chooses another agent, it is rarely because that agent was more qualified. It is because their positioning was clearer. The gap here is not effort. It is the communication of your value — and that is one of the most learnable skills in this business.\n\n---\n\nTHE STRATEGY\nThe System is going to sharpen your positioning until choosing you feels like the only logical decision. Authority in this market is not built on personality — it is built on demonstrated expertise, consistent presence, and a clear value proposition that prospects feel before they ever meet you in person.\n\n---\n\nTHE TACTICS\n1. Write your personal value proposition this week — one clear paragraph that answers the question every prospect is silently asking: "Why you, specifically, over every other agent in this market?" Not your biography. Your differentiated value. What do your clients get that they cannot get anywhere else?\n\n2. Practice your consultation opening out loud, every day this week. The first 5 minutes of any buyer or listing appointment should establish your authority before you discuss a single property or price. Practice it until it feels like a conversation, not a script.\n\n3. Identify the 3 objections you hear most consistently — "I want to think about it," "I know another agent," "What are your fees?" — and develop a confident, empathetic response to each. Write them down. Role-play them. Own them.\n\n---\n\nYOUR OBJECTIVE THIS WEEK\n5 meaningful database contacts per day this week — calls, texts, or notes. No exceptions. This is the rhythm that restarts everything.\n\n---\n\nYOUR COACHING TRACK\nSphere Saturation — Your warmest pipeline is already in your phone. Activate it before building anything new.','\n',char(10)),'The Authority','v1.1-intermediate','2026-04-15 21:32:23');
INSERT INTO coaching_outputs VALUES(NULL,'agent_mnw4oi77_zuz633h1','PIPELINE','Follow-Up Systems & Pipeline Conversion','Open your pipeline right now and identify the 3 leads you have been meaning to call. Call them today. The discomfort you feel about those calls is the exact cost of not having a system. The System starts today.','Every morning, identify your top 3 follow-up priorities for the day. Complete those 3 contacts before 11am. Everything else — email, admin, social — comes after.','Contact every Hot lead in your pipeline before Friday. Not email — a call. One conversation this week can change your month.','["Script and practice your re-engagement conversation for leads gone cold. Role-play it with a colleague until it feels natural — not rehearsed.","For every showing or consultation that does not convert immediately, set a specific follow-up task before you leave the appointment. Not tomorrow. Before you leave.","Identify your personal follow-up ceiling — the number of active leads you can realistically manage with quality. Do not take on more than you can follow up with properly.","Review your last 10 lost deals. At what point did follow-up stop? That point is where the System will focus."]',replace('THE TRUTH\nManaging a pipeline while trying to prospect, serve clients, and run a business is a real juggling act — and most agents drop the follow-up ball not because they do not care, but because no system exists to catch it. What the data shows is not a motivation gap. It is a rhythm gap. The leads are there. The potential is there. What is missing is a consistent follow-up structure that runs independent of how your week is going. That is exactly what the System builds.\n\n---\n\nTHE STRATEGY\nThe System is going to install a follow-up rhythm that runs whether you feel like it or not. The highest-converting agents are not more motivated than you — they have built infrastructure that makes consistent follow-up the path of least resistance. We are going to build that infrastructure in your business this week.\n\n---\n\nTHE TACTICS\n1. Audit your pipeline today — right now, before anything else. Every lead gets a category: Hot (deciding in 30 days), Warm (60-90 days), Long-term (6+ months). If you cannot categorize a lead, your first step is a call to find out where they stand. You cannot manage what you have not measured.\n\n2. Every Hot lead in your pipeline gets a personal call this week. Not a text. Not an email. A call. Some of those conversations will surprise you. The leads you assumed were cold may simply be waiting to hear from you again.\n\n3. Block 60 minutes tomorrow morning exclusively for follow-up calls. No email. No admin. One hour of focused outreach. Do this three times this week. Notice how your pipeline feels different by Friday.\n\n---\n\nYOUR OBJECTIVE THIS WEEK\nContact every Hot lead in your pipeline before Friday. Not email — a call. One conversation this week can change your month.\n\n---\n\nYOUR COACHING TRACK\nSphere Saturation — Your warmest pipeline is already in your phone. Activate it before building anything new.','\n',char(10)),'The Closer','v1.0-baseline','2026-04-15 21:32:23');
INSERT INTO coaching_outputs VALUES(NULL,'agent_mnwswbcm_5overm6l','PIPELINE','Follow-Up Systems & Pipeline Conversion','Open your pipeline right now and identify the 3 leads you have been meaning to call. Call them today. The discomfort you feel about those calls is the exact cost of not having a system. The System starts today.','Every morning, identify your top 3 follow-up priorities for the day. Complete those 3 contacts before 11am. Everything else — email, admin, social — comes after.','Contact every Hot lead in your pipeline before Friday. Not email — a call. One conversation this week can change your month.','["Script and practice your re-engagement conversation for leads gone cold. Role-play it with a colleague until it feels natural — not rehearsed.","For every showing or consultation that does not convert immediately, set a specific follow-up task before you leave the appointment. Not tomorrow. Before you leave.","Identify your personal follow-up ceiling — the number of active leads you can realistically manage with quality. Do not take on more than you can follow up with properly.","Review your last 10 lost deals. At what point did follow-up stop? That point is where the System will focus."]',replace('THE TRUTH\nManaging a pipeline while trying to prospect, serve clients, and run a business is a real juggling act — and most agents drop the follow-up ball not because they do not care, but because no system exists to catch it. What the data shows is not a motivation gap. It is a rhythm gap. The leads are there. The potential is there. What is missing is a consistent follow-up structure that runs independent of how your week is going. That is exactly what the System builds.\n\n---\n\nTHE STRATEGY\nThe System is going to install a follow-up rhythm that runs whether you feel like it or not. The highest-converting agents are not more motivated than you — they have built infrastructure that makes consistent follow-up the path of least resistance. We are going to build that infrastructure in your business this week.\n\n---\n\nTHE TACTICS\n1. Audit your pipeline today — right now, before anything else. Every lead gets a category: Hot (deciding in 30 days), Warm (60-90 days), Long-term (6+ months). If you cannot categorize a lead, your first step is a call to find out where they stand. You cannot manage what you have not measured.\n\n2. Every Hot lead in your pipeline gets a personal call this week. Not a text. Not an email. A call. Some of those conversations will surprise you. The leads you assumed were cold may simply be waiting to hear from you again.\n\n3. Block 60 minutes tomorrow morning exclusively for follow-up calls. No email. No admin. One hour of focused outreach. Do this three times this week. Notice how your pipeline feels different by Friday.\n\n---\n\nYOUR OBJECTIVE THIS WEEK\nContact every Hot lead in your pipeline before Friday. Not email — a call. One conversation this week can change your month.\n\n---\n\nYOUR COACHING TRACK\nSphere Saturation — Your warmest pipeline is already in your phone. Activate it before building anything new.','\n',char(10)),'The Closer','v1.0-baseline','2026-04-15 21:32:23');
INSERT INTO coaching_outputs VALUES(NULL,'agent_mnwtx58a_rbrba41v','AUTHORITY','Market Positioning & Conversion Mastery','Write a one-paragraph statement of your specific value — what clients get from working with you that they cannot get from anyone else. Say it out loud until you believe it completely. That certainty is what prospects feel.','Spend 20 minutes every morning on market intelligence. Know your local numbers — active listings, days on market, list-to-sale ratio, absorption rate. Walk into every conversation as the most informed person in the room.','5 meaningful database contacts per day this week — calls, texts, or notes. No exceptions. This is the rhythm that restarts everything.','["Build a pre-appointment credibility packet — your market stats, your proof points, your value proposition — and send it to every prospect before you meet.","Track your consultation-to-signed-agreement ratio monthly. Set a target and work toward it deliberately.","Find one mentor, coach, or top producer in your market whose positioning you admire. Study how they communicate their value. Adapt — do not copy.","After every consultation, write down one thing that landed well and one thing you would change. Over 90 days, this debrief practice will transform your conversion rate."]',replace('THE TRUTH\nGenerating leads consistently takes real discipline, and you are doing that work. The opportunity the System sees is not in your prospecting — it is in what happens after the lead arrives. When a prospect chooses another agent, it is rarely because that agent was more qualified. It is because their positioning was clearer. The gap here is not effort. It is the communication of your value — and that is one of the most learnable skills in this business.\n\n---\n\nTHE STRATEGY\nThe System is going to sharpen your positioning until choosing you feels like the only logical decision. Authority in this market is not built on personality — it is built on demonstrated expertise, consistent presence, and a clear value proposition that prospects feel before they ever meet you in person.\n\n---\n\nTHE TACTICS\n1. Write your personal value proposition this week — one clear paragraph that answers the question every prospect is silently asking: "Why you, specifically, over every other agent in this market?" Not your biography. Your differentiated value. What do your clients get that they cannot get anywhere else?\n\n2. Practice your consultation opening out loud, every day this week. The first 5 minutes of any buyer or listing appointment should establish your authority before you discuss a single property or price. Practice it until it feels like a conversation, not a script.\n\n3. Identify the 3 objections you hear most consistently — "I want to think about it," "I know another agent," "What are your fees?" — and develop a confident, empathetic response to each. Write them down. Role-play them. Own them.\n\n---\n\nYOUR OBJECTIVE THIS WEEK\n5 meaningful database contacts per day this week — calls, texts, or notes. No exceptions. This is the rhythm that restarts everything.\n\n---\n\nYOUR COACHING TRACK\nSphere Saturation — Your warmest pipeline is already in your phone. Activate it before building anything new.','\n',char(10)),'The Authority','v1.1-intermediate','2026-04-15 21:32:23');
INSERT INTO coaching_outputs VALUES(NULL,'agent_mnwtxsex_jpu6w44h','PIPELINE','Follow-Up Systems & Pipeline Conversion','Open your pipeline right now and identify the 3 leads you have been meaning to call. Call them today. The discomfort you feel about those calls is the exact cost of not having a system. The System starts today.','Every morning, identify your top 3 follow-up priorities for the day. Complete those 3 contacts before 11am. Everything else — email, admin, social — comes after.','Contact every Hot lead in your pipeline before Friday. Not email — a call. One conversation this week can change your month.','["Script and practice your re-engagement conversation for leads gone cold. Role-play it with a colleague until it feels natural — not rehearsed.","For every showing or consultation that does not convert immediately, set a specific follow-up task before you leave the appointment. Not tomorrow. Before you leave.","Identify your personal follow-up ceiling — the number of active leads you can realistically manage with quality. Do not take on more than you can follow up with properly.","Review your last 10 lost deals. At what point did follow-up stop? That point is where the System will focus."]',replace('THE TRUTH\nManaging a pipeline while trying to prospect, serve clients, and run a business is a real juggling act — and most agents drop the follow-up ball not because they do not care, but because no system exists to catch it. What the data shows is not a motivation gap. It is a rhythm gap. The leads are there. The potential is there. What is missing is a consistent follow-up structure that runs independent of how your week is going. That is exactly what the System builds.\n\n---\n\nTHE STRATEGY\nThe System is going to install a follow-up rhythm that runs whether you feel like it or not. The highest-converting agents are not more motivated than you — they have built infrastructure that makes consistent follow-up the path of least resistance. We are going to build that infrastructure in your business this week.\n\n---\n\nTHE TACTICS\n1. Audit your pipeline today — right now, before anything else. Every lead gets a category: Hot (deciding in 30 days), Warm (60-90 days), Long-term (6+ months). If you cannot categorize a lead, your first step is a call to find out where they stand. You cannot manage what you have not measured.\n\n2. Every Hot lead in your pipeline gets a personal call this week. Not a text. Not an email. A call. Some of those conversations will surprise you. The leads you assumed were cold may simply be waiting to hear from you again.\n\n3. Block 60 minutes tomorrow morning exclusively for follow-up calls. No email. No admin. One hour of focused outreach. Do this three times this week. Notice how your pipeline feels different by Friday.\n\n---\n\nYOUR OBJECTIVE THIS WEEK\nContact every Hot lead in your pipeline before Friday. Not email — a call. One conversation this week can change your month.\n\n---\n\nYOUR COACHING TRACK\nSphere Saturation — Your warmest pipeline is already in your phone. Activate it before building anything new.','\n',char(10)),'The Closer','v1.0-baseline','2026-04-15 21:32:23');
INSERT INTO coaching_outputs VALUES(NULL,'agent_marcus_jordan_demo','SPHERE','Sphere Activation & Relationship Capital','Call 5 people from your existing database today — not to prospect, but to genuinely reconnect. The next deal you close is likely already in your phone. This call is the first step toward it.','Every morning, before any administrative work, identify 3 people to contact that day. One past client. One sphere contact. One referral source. Those 3 contacts happen before noon.','Complete your top 3 revenue-generating actions before noon every day this week. Protect that time like an appointment.','["Add 10 new contacts to your database this week from your existing network — neighbours, service providers, social contacts not yet logged.","Categorize your full database into A (high trust), B (warm), and C (cold). Focus all personal energy on A this month.","Write 5 handwritten notes this week to past clients. No agenda. Just gratitude and genuine connection.","Track every referral conversation you generate for the next 30 days. Knowing your referral rate is the beginning of improving it."]',replace('THE TRUTH\nBuilding a real estate business from the ground up — or rebuilding momentum after a slow stretch — is genuinely hard work. The fact that you are here, looking at this honestly, already puts you ahead of most. What the System sees in your results is not a talent gap. It is a relationship activation gap. The people who already know you, like you, and trust you are your fastest path forward. That pipeline exists. It is just not fully awake yet.\n\n---\n\nTHE STRATEGY\nThe highest-leverage move in your business right now is depth, not breadth. Before adding a single new lead source, you will saturate your existing sphere with consistent, value-driven contact. When the people in your world think of real estate — for themselves, for a friend, for a colleague — your name is the only one that comes to mind. That is not luck. It is frequency.\n\n---\n\nTHE TACTICS\n1. Identify your top 20 relationships right now — past clients, close personal contacts, anyone who has referred you before. These are your foundation. Call 3 of them today. Not to prospect. Not to pitch. To genuinely connect. Ask how they are. Share something relevant to their life. Plant the seed simply by being present.\n\n2. Set a non-negotiable daily contact goal for this week: 5 database reach-outs per day. Calls, handwritten notes, personal texts. Not mass emails. Personal contact. Do this for 5 consecutive days and track every exchange. You will be surprised what surfaces.\n\n3. Write down the names of 5 people in your sphere who you have not spoken to in over 90 days. Those are your first calls. Reconnection is not awkward when it comes from a genuine place — and a genuine place is exactly where this system starts.\n\n---\n\nYOUR OBJECTIVE THIS WEEK\nComplete your top 3 revenue-generating actions before noon every day this week. Protect that time like an appointment.\n\n---\n\nYOUR COACHING TRACK\nSphere Saturation — Your warmest pipeline is already in your phone. Activate it before building anything new.','\n',char(10)),'The Connector','v1.2-advanced','2026-04-15 21:32:23');
INSERT INTO coaching_outputs VALUES(NULL,'agent_jordan_demo','AUTHORITY','Market Positioning & Conversion Mastery','Write a one-paragraph statement of your specific value — what clients get from working with you that they cannot get from anyone else. Say it out loud until you believe it completely. That certainty is what prospects feel.','Spend 20 minutes every morning on market intelligence. Know your local numbers — active listings, days on market, list-to-sale ratio, absorption rate. Walk into every conversation as the most informed person in the room.','Complete your Authority Stack this week — 3 proof pieces ready to share before every appointment. Let your results do the talking.','["Build a pre-appointment credibility packet — your market stats, your proof points, your value proposition — and send it to every prospect before you meet.","Track your consultation-to-signed-agreement ratio monthly. Set a target and work toward it deliberately.","Find one mentor, coach, or top producer in your market whose positioning you admire. Study how they communicate their value. Adapt — do not copy.","After every consultation, write down one thing that landed well and one thing you would change. Over 90 days, this debrief practice will transform your conversion rate."]',replace('THE TRUTH\nYour prospecting is working. The leads are coming in. But your goals are telling us something important: the conversion rate does not yet match the effort you are putting into the front end. This is not a criticism of your work — it is a signal that the positioning needs to sharpen. Prospects choose the agent who makes them feel most certain. Right now, there is a gap between how certain you feel and how certain they feel when they leave your consultation. We are going to close that gap — because your goals depend on it.\n\n---\n\nTHE STRATEGY\nThe System is going to sharpen your positioning until choosing you feels like the only logical decision. Authority in this market is not built on personality — it is built on demonstrated expertise, consistent presence, and a clear value proposition that prospects feel before they ever meet you in person.\n\n---\n\nTHE TACTICS\n1. Launch a consistent market intelligence presence — a weekly neighbourhood update, a monthly market analysis, a regular video series on local trends. Your goal is to become the name people think of when they want to understand this market.\n\n2. Build a proof portfolio — testimonials, transaction results, case studies, client stories — that prospects can access before your first conversation. Let your results establish authority before you open your mouth.\n\n3. Study one deal per week from your market that you did not win. What did the agent who won it do differently in their positioning, their follow-up, or their presentation? Document the insight. Apply it.\n\n---\n\nYOUR OBJECTIVE THIS WEEK\nComplete your Authority Stack this week — 3 proof pieces ready to share before every appointment. Let your results do the talking.\n\n---\n\nYOUR COACHING TRACK\nDirect Market Authority — Volume without conversion is activity without income. Sharpen the close.','\n',char(10)),'The Authority','v1.1-intermediate','2026-04-15 21:32:23');
INSERT INTO coaching_outputs VALUES(NULL,'agent_rachel_demo','PIPELINE','Follow-Up Systems & Pipeline Conversion','Open your pipeline right now and identify the 3 leads you have been meaning to call. Call them today. The discomfort you feel about those calls is the exact cost of not having a system. The System starts today.','Every morning, identify your top 3 follow-up priorities for the day. Complete those 3 contacts before 11am. Everything else — email, admin, social — comes after.','20 meaningful follow-up contacts this week. Track every one. A two-way exchange counts; a voicemail does not.','["Script and practice your re-engagement conversation for leads gone cold. Role-play it with a colleague until it feels natural — not rehearsed.","For every showing or consultation that does not convert immediately, set a specific follow-up task before you leave the appointment. Not tomorrow. Before you leave.","Identify your personal follow-up ceiling — the number of active leads you can realistically manage with quality. Do not take on more than you can follow up with properly.","Review your last 10 lost deals. At what point did follow-up stop? That point is where the System will focus."]',replace('THE TRUTH\nManaging a pipeline while trying to prospect, serve clients, and run a business is a real juggling act — and most agents drop the follow-up ball not because they do not care, but because no system exists to catch it. What the data shows is not a motivation gap. It is a rhythm gap. The leads are there. The potential is there. What is missing is a consistent follow-up structure that runs independent of how your week is going. That is exactly what the System builds.\n\n---\n\nTHE STRATEGY\nThe System is going to install a follow-up rhythm that runs whether you feel like it or not. The highest-converting agents are not more motivated than you — they have built infrastructure that makes consistent follow-up the path of least resistance. We are going to build that infrastructure in your business this week.\n\n---\n\nTHE TACTICS\n1. Block 90 minutes every Tuesday and Thursday for follow-up calls. These blocks are non-negotiable — they do not move for showings, administrative tasks, or anything that is not a genuine emergency. Your follow-up time is as protected as a listing appointment.\n\n2. Build a 5-step follow-up sequence for every Warm lead: Call. Value email with a real market insight. Personal text check-in. Handwritten note. Call again. Space each step 10-14 days apart. Most agents stop at Step 1. You will complete all 5.\n\n3. Set up a simple weekly tracking view — even a spreadsheet — showing every active lead, their category, and your last contact date. Review it every Monday morning for 10 minutes before your week begins.\n\n---\n\nYOUR OBJECTIVE THIS WEEK\n20 meaningful follow-up contacts this week. Track every one. A two-way exchange counts; a voicemail does not.\n\n---\n\nYOUR COACHING TRACK\nSphere Saturation — Your warmest pipeline is already in your phone. Activate it before building anything new.','\n',char(10)),'The Closer','v1.1-intermediate','2026-04-15 21:32:23');
CREATE TABLE campaign_send_log (
  id TEXT PRIMARY KEY,
  agent_id TEXT,
  campaign_type TEXT,
  campaign_step INTEGER,
  subject TEXT,
  send_status TEXT,
  send_mode TEXT,
  sent_at TEXT
);
INSERT INTO campaign_send_log VALUES('log_1776185628531_8w3bx4','agent_mnw52bat_q73v7r0i','pre_activation',1,'Most agents don''t know this about their business','blocked','live','2026-04-14T16:53:48.531Z');
INSERT INTO campaign_send_log VALUES('log_1776186480814_7v32yk','agent_mnw52bat_q73v7r0i','pre_activation',2,'Why most agents stay stuck at the same number every year','blocked','live','2026-04-14T17:08:00.814Z');
INSERT INTO campaign_send_log VALUES('log_1776186595609_jbdtc2','agent_mnw52bat_q73v7r0i','pre_activation',3,'You are probably stronger than you think — but blind in one area','blocked','live','2026-04-14T17:09:55.609Z');
INSERT INTO campaign_send_log VALUES('log_1776187208550_ryxcxq','agent_mnw52bat_q73v7r0i','pre_activation',1,'Most agents don''t know this about their business','sent','live','2026-04-14T17:20:08.550Z');
INSERT INTO campaign_send_log VALUES('log_1776188240641_ytaaag','agent_mnw52bat_q73v7r0i','pre_activation',2,'Why most agents stay stuck at the same number every year','sent','live','2026-04-14T17:37:20.641Z');
INSERT INTO campaign_send_log VALUES(NULL,'agent_mnw4oi77_zuz633h1','post_analysis',1,'Kevin, I reviewed your analysis','sent','live','2026-04-14 19:00:32');
COMMIT;
